CarPrice,MaintCost,NumDoors,NumPersons,TrunkSize,Safety,Rating
vhigh,vhigh,2,2,small,low,bad
vhigh,vhigh,2,2,small,med,bad
vhigh,vhigh,2,2,small,high,bad
vhigh,vhigh,2,2,med,low,bad
vhigh,vhigh,2,2,med,med,bad
vhigh,vhigh,2,2,med,high,bad
vhigh,vhigh,2,2,big,low,bad
vhigh,vhigh,2,2,big,med,bad
vhigh,vhigh,2,2,big,high,bad
vhigh,vhigh,2,4,small,low,bad
vhigh,vhigh,2,4,small,med,bad
vhigh,vhigh,2,4,small,high,bad
vhigh,vhigh,2,4,med,low,bad
vhigh,vhigh,2,4,med,med,bad
vhigh,vhigh,2,4,med,high,bad
vhigh,vhigh,2,4,big,low,bad
vhigh,vhigh,2,4,big,med,bad
vhigh,vhigh,2,4,big,high,bad
vhigh,vhigh,2,more,small,low,bad
vhigh,vhigh,2,more,small,med,bad
vhigh,vhigh,2,more,small,high,bad
vhigh,vhigh,2,more,med,low,bad
vhigh,vhigh,2,more,med,med,bad
vhigh,vhigh,2,more,med,high,bad
vhigh,vhigh,2,more,big,low,bad
vhigh,vhigh,2,more,big,med,bad
vhigh,vhigh,2,more,big,high,bad
vhigh,vhigh,3,2,small,low,bad
vhigh,vhigh,3,2,small,med,bad
vhigh,vhigh,3,2,small,high,bad
vhigh,vhigh,3,2,med,low,bad
vhigh,vhigh,3,2,med,med,bad
vhigh,vhigh,3,2,med,high,bad
vhigh,vhigh,3,2,big,low,bad
vhigh,vhigh,3,2,big,med,bad
vhigh,vhigh,3,2,big,high,bad
vhigh,vhigh,3,4,small,low,bad
vhigh,vhigh,3,4,small,med,bad
vhigh,vhigh,3,4,small,high,bad
vhigh,vhigh,3,4,med,low,bad
vhigh,vhigh,3,4,med,med,bad
vhigh,vhigh,3,4,med,high,bad
vhigh,vhigh,3,4,big,low,bad
vhigh,vhigh,3,4,big,med,bad
vhigh,vhigh,3,4,big,high,bad
vhigh,vhigh,3,more,small,low,bad
vhigh,vhigh,3,more,small,med,bad
vhigh,vhigh,3,more,small,high,bad
vhigh,vhigh,3,more,med,low,bad
vhigh,vhigh,3,more,med,med,bad
vhigh,vhigh,3,more,med,high,bad
vhigh,vhigh,3,more,big,low,bad
vhigh,vhigh,3,more,big,med,bad
vhigh,vhigh,3,more,big,high,bad
vhigh,vhigh,4,2,small,low,bad
vhigh,vhigh,4,2,small,med,bad
vhigh,vhigh,4,2,small,high,bad
vhigh,vhigh,4,2,med,low,bad
vhigh,vhigh,4,2,med,med,bad
vhigh,vhigh,4,2,med,high,bad
vhigh,vhigh,4,2,big,low,bad
vhigh,vhigh,4,2,big,med,bad
vhigh,vhigh,4,2,big,high,bad
vhigh,vhigh,4,4,small,low,bad
vhigh,vhigh,4,4,small,med,bad
vhigh,vhigh,4,4,small,high,bad
vhigh,vhigh,4,4,med,low,bad
vhigh,vhigh,4,4,med,med,bad
vhigh,vhigh,4,4,med,high,bad
vhigh,vhigh,4,4,big,low,bad
vhigh,vhigh,4,4,big,med,bad
vhigh,vhigh,4,4,big,high,bad
vhigh,vhigh,4,more,small,low,bad
vhigh,vhigh,4,more,small,med,bad
vhigh,vhigh,4,more,small,high,bad
vhigh,vhigh,4,more,med,low,bad
vhigh,vhigh,4,more,med,med,bad
vhigh,vhigh,4,more,med,high,bad
vhigh,vhigh,4,more,big,low,bad
vhigh,vhigh,4,more,big,med,bad
vhigh,vhigh,4,more,big,high,bad
vhigh,vhigh,more,2,small,low,bad
vhigh,vhigh,more,2,small,med,bad
vhigh,vhigh,more,2,small,high,bad
vhigh,vhigh,more,2,med,low,bad
vhigh,vhigh,more,2,med,med,bad
vhigh,vhigh,more,2,med,high,bad
vhigh,vhigh,more,2,big,low,bad
vhigh,vhigh,more,2,big,med,bad
vhigh,vhigh,more,2,big,high,bad
vhigh,vhigh,more,4,small,low,bad
vhigh,vhigh,more,4,small,med,bad
vhigh,vhigh,more,4,small,high,bad
vhigh,vhigh,more,4,med,low,bad
vhigh,vhigh,more,4,med,med,bad
vhigh,vhigh,more,4,med,high,bad
vhigh,vhigh,more,4,big,low,bad
vhigh,vhigh,more,4,big,med,bad
vhigh,vhigh,more,4,big,high,bad
vhigh,vhigh,more,more,small,low,bad
vhigh,vhigh,more,more,small,med,bad
vhigh,vhigh,more,more,small,high,bad
vhigh,vhigh,more,more,med,low,bad
vhigh,vhigh,more,more,med,med,bad
vhigh,vhigh,more,more,med,high,bad
vhigh,vhigh,more,more,big,low,bad
vhigh,vhigh,more,more,big,med,bad
vhigh,vhigh,more,more,big,high,bad
vhigh,high,2,2,small,low,bad
vhigh,high,2,2,small,med,bad
vhigh,high,2,2,small,high,bad
vhigh,high,2,2,med,low,bad
vhigh,high,2,2,med,med,bad
vhigh,high,2,2,med,high,bad
vhigh,high,2,2,big,low,bad
vhigh,high,2,2,big,med,bad
vhigh,high,2,2,big,high,bad
vhigh,high,2,4,small,low,bad
vhigh,high,2,4,small,med,bad
vhigh,high,2,4,small,high,bad
vhigh,high,2,4,med,low,bad
vhigh,high,2,4,med,med,bad
vhigh,high,2,4,med,high,bad
vhigh,high,2,4,big,low,bad
vhigh,high,2,4,big,med,bad
vhigh,high,2,4,big,high,bad
vhigh,high,2,more,small,low,bad
vhigh,high,2,more,small,med,bad
vhigh,high,2,more,small,high,bad
vhigh,high,2,more,med,low,bad
vhigh,high,2,more,med,med,bad
vhigh,high,2,more,med,high,bad
vhigh,high,2,more,big,low,bad
vhigh,high,2,more,big,med,bad
vhigh,high,2,more,big,high,bad
vhigh,high,3,2,small,low,bad
vhigh,high,3,2,small,med,bad
vhigh,high,3,2,small,high,bad
vhigh,high,3,2,med,low,bad
vhigh,high,3,2,med,med,bad
vhigh,high,3,2,med,high,bad
vhigh,high,3,2,big,low,bad
vhigh,high,3,2,big,med,bad
vhigh,high,3,2,big,high,bad
vhigh,high,3,4,small,low,bad
vhigh,high,3,4,small,med,bad
vhigh,high,3,4,small,high,bad
vhigh,high,3,4,med,low,bad
vhigh,high,3,4,med,med,bad
vhigh,high,3,4,med,high,bad
vhigh,high,3,4,big,low,bad
vhigh,high,3,4,big,med,bad
vhigh,high,3,4,big,high,bad
vhigh,high,3,more,small,low,bad
vhigh,high,3,more,small,med,bad
vhigh,high,3,more,small,high,bad
vhigh,high,3,more,med,low,bad
vhigh,high,3,more,med,med,bad
vhigh,high,3,more,med,high,bad
vhigh,high,3,more,big,low,bad
vhigh,high,3,more,big,med,bad
vhigh,high,3,more,big,high,bad
vhigh,high,4,2,small,low,bad
vhigh,high,4,2,small,med,bad
vhigh,high,4,2,small,high,bad
vhigh,high,4,2,med,low,bad
vhigh,high,4,2,med,med,bad
vhigh,high,4,2,med,high,bad
vhigh,high,4,2,big,low,bad
vhigh,high,4,2,big,med,bad
vhigh,high,4,2,big,high,bad
vhigh,high,4,4,small,low,bad
vhigh,high,4,4,small,med,bad
vhigh,high,4,4,small,high,bad
vhigh,high,4,4,med,low,bad
vhigh,high,4,4,med,med,bad
vhigh,high,4,4,med,high,bad
vhigh,high,4,4,big,low,bad
vhigh,high,4,4,big,med,bad
vhigh,high,4,4,big,high,bad
vhigh,high,4,more,small,low,bad
vhigh,high,4,more,small,med,bad
vhigh,high,4,more,small,high,bad
vhigh,high,4,more,med,low,bad
vhigh,high,4,more,med,med,bad
vhigh,high,4,more,med,high,bad
vhigh,high,4,more,big,low,bad
vhigh,high,4,more,big,med,bad
vhigh,high,4,more,big,high,bad
vhigh,high,more,2,small,low,bad
vhigh,high,more,2,small,med,bad
vhigh,high,more,2,small,high,bad
vhigh,high,more,2,med,low,bad
vhigh,high,more,2,med,med,bad
vhigh,high,more,2,med,high,bad
vhigh,high,more,2,big,low,bad
vhigh,high,more,2,big,med,bad
vhigh,high,more,2,big,high,bad
vhigh,high,more,4,small,low,bad
vhigh,high,more,4,small,med,bad
vhigh,high,more,4,small,high,bad
vhigh,high,more,4,med,low,bad
vhigh,high,more,4,med,med,bad
vhigh,high,more,4,med,high,bad
vhigh,high,more,4,big,low,bad
vhigh,high,more,4,big,med,bad
vhigh,high,more,4,big,high,bad
vhigh,high,more,more,small,low,bad
vhigh,high,more,more,small,med,bad
vhigh,high,more,more,small,high,bad
vhigh,high,more,more,med,low,bad
vhigh,high,more,more,med,med,bad
vhigh,high,more,more,med,high,bad
vhigh,high,more,more,big,low,bad
vhigh,high,more,more,big,med,bad
vhigh,high,more,more,big,high,bad
vhigh,med,2,2,small,low,bad
vhigh,med,2,2,small,med,bad
vhigh,med,2,2,small,high,bad
vhigh,med,2,2,med,low,bad
vhigh,med,2,2,med,med,bad
vhigh,med,2,2,med,high,bad
vhigh,med,2,2,big,low,bad
vhigh,med,2,2,big,med,bad
vhigh,med,2,2,big,high,bad
vhigh,med,2,4,small,low,bad
vhigh,med,2,4,small,med,bad
vhigh,med,2,4,small,high,acc
vhigh,med,2,4,med,low,bad
vhigh,med,2,4,med,med,bad
vhigh,med,2,4,med,high,acc
vhigh,med,2,4,big,low,bad
vhigh,med,2,4,big,med,acc
vhigh,med,2,4,big,high,acc
vhigh,med,2,more,small,low,bad
vhigh,med,2,more,small,med,bad
vhigh,med,2,more,small,high,bad
vhigh,med,2,more,med,low,bad
vhigh,med,2,more,med,med,bad
vhigh,med,2,more,med,high,acc
vhigh,med,2,more,big,low,bad
vhigh,med,2,more,big,med,acc
vhigh,med,2,more,big,high,acc
vhigh,med,3,2,small,low,bad
vhigh,med,3,2,small,med,bad
vhigh,med,3,2,small,high,bad
vhigh,med,3,2,med,low,bad
vhigh,med,3,2,med,med,bad
vhigh,med,3,2,med,high,bad
vhigh,med,3,2,big,low,bad
vhigh,med,3,2,big,med,bad
vhigh,med,3,2,big,high,bad
vhigh,med,3,4,small,low,bad
vhigh,med,3,4,small,med,bad
vhigh,med,3,4,small,high,acc
vhigh,med,3,4,med,low,bad
vhigh,med,3,4,med,med,bad
vhigh,med,3,4,med,high,acc
vhigh,med,3,4,big,low,bad
vhigh,med,3,4,big,med,acc
vhigh,med,3,4,big,high,acc
vhigh,med,3,more,small,low,bad
vhigh,med,3,more,small,med,bad
vhigh,med,3,more,small,high,acc
vhigh,med,3,more,med,low,bad
vhigh,med,3,more,med,med,acc
vhigh,med,3,more,med,high,acc
vhigh,med,3,more,big,low,bad
vhigh,med,3,more,big,med,acc
vhigh,med,3,more,big,high,acc
vhigh,med,4,2,small,low,bad
vhigh,med,4,2,small,med,bad
vhigh,med,4,2,small,high,bad
vhigh,med,4,2,med,low,bad
vhigh,med,4,2,med,med,bad
vhigh,med,4,2,med,high,bad
vhigh,med,4,2,big,low,bad
vhigh,med,4,2,big,med,bad
vhigh,med,4,2,big,high,bad
vhigh,med,4,4,small,low,bad
vhigh,med,4,4,small,med,bad
vhigh,med,4,4,small,high,acc
vhigh,med,4,4,med,low,bad
vhigh,med,4,4,med,med,acc
vhigh,med,4,4,med,high,acc
vhigh,med,4,4,big,low,bad
vhigh,med,4,4,big,med,acc
vhigh,med,4,4,big,high,acc
vhigh,med,4,more,small,low,bad
vhigh,med,4,more,small,med,bad
vhigh,med,4,more,small,high,acc
vhigh,med,4,more,med,low,bad
vhigh,med,4,more,med,med,acc
vhigh,med,4,more,med,high,acc
vhigh,med,4,more,big,low,bad
vhigh,med,4,more,big,med,acc
vhigh,med,4,more,big,high,acc
vhigh,med,more,2,small,low,bad
vhigh,med,more,2,small,med,bad
vhigh,med,more,2,small,high,bad
vhigh,med,more,2,med,low,bad
vhigh,med,more,2,med,med,bad
vhigh,med,more,2,med,high,bad
vhigh,med,more,2,big,low,bad
vhigh,med,more,2,big,med,bad
vhigh,med,more,2,big,high,bad
vhigh,med,more,4,small,low,bad
vhigh,med,more,4,small,med,bad
vhigh,med,more,4,small,high,acc
vhigh,med,more,4,med,low,bad
vhigh,med,more,4,med,med,acc
vhigh,med,more,4,med,high,acc
vhigh,med,more,4,big,low,bad
vhigh,med,more,4,big,med,acc
vhigh,med,more,4,big,high,acc
vhigh,med,more,more,small,low,bad
vhigh,med,more,more,small,med,bad
vhigh,med,more,more,small,high,acc
vhigh,med,more,more,med,low,bad
vhigh,med,more,more,med,med,acc
vhigh,med,more,more,med,high,acc
vhigh,med,more,more,big,low,bad
vhigh,med,more,more,big,med,acc
vhigh,med,more,more,big,high,acc
vhigh,low,2,2,small,low,bad
vhigh,low,2,2,small,med,bad
vhigh,low,2,2,small,high,bad
vhigh,low,2,2,med,low,bad
vhigh,low,2,2,med,med,bad
vhigh,low,2,2,med,high,bad
vhigh,low,2,2,big,low,bad
vhigh,low,2,2,big,med,bad
vhigh,low,2,2,big,high,bad
vhigh,low,2,4,small,low,bad
vhigh,low,2,4,small,med,bad
vhigh,low,2,4,small,high,acc
vhigh,low,2,4,med,low,bad
vhigh,low,2,4,med,med,bad
vhigh,low,2,4,med,high,acc
vhigh,low,2,4,big,low,bad
vhigh,low,2,4,big,med,acc
vhigh,low,2,4,big,high,acc
vhigh,low,2,more,small,low,bad
vhigh,low,2,more,small,med,bad
vhigh,low,2,more,small,high,bad
vhigh,low,2,more,med,low,bad
vhigh,low,2,more,med,med,bad
vhigh,low,2,more,med,high,acc
vhigh,low,2,more,big,low,bad
vhigh,low,2,more,big,med,acc
vhigh,low,2,more,big,high,acc
vhigh,low,3,2,small,low,bad
vhigh,low,3,2,small,med,bad
vhigh,low,3,2,small,high,bad
vhigh,low,3,2,med,low,bad
vhigh,low,3,2,med,med,bad
vhigh,low,3,2,med,high,bad
vhigh,low,3,2,big,low,bad
vhigh,low,3,2,big,med,bad
vhigh,low,3,2,big,high,bad
vhigh,low,3,4,small,low,bad
vhigh,low,3,4,small,med,bad
vhigh,low,3,4,small,high,acc
vhigh,low,3,4,med,low,bad
vhigh,low,3,4,med,med,bad
vhigh,low,3,4,med,high,acc
vhigh,low,3,4,big,low,bad
vhigh,low,3,4,big,med,acc
vhigh,low,3,4,big,high,acc
vhigh,low,3,more,small,low,bad
vhigh,low,3,more,small,med,bad
vhigh,low,3,more,small,high,acc
vhigh,low,3,more,med,low,bad
vhigh,low,3,more,med,med,acc
vhigh,low,3,more,med,high,acc
vhigh,low,3,more,big,low,bad
vhigh,low,3,more,big,med,acc
vhigh,low,3,more,big,high,acc
vhigh,low,4,2,small,low,bad
vhigh,low,4,2,small,med,bad
vhigh,low,4,2,small,high,bad
vhigh,low,4,2,med,low,bad
vhigh,low,4,2,med,med,bad
vhigh,low,4,2,med,high,bad
vhigh,low,4,2,big,low,bad
vhigh,low,4,2,big,med,bad
vhigh,low,4,2,big,high,bad
vhigh,low,4,4,small,low,bad
vhigh,low,4,4,small,med,bad
vhigh,low,4,4,small,high,acc
vhigh,low,4,4,med,low,bad
vhigh,low,4,4,med,med,acc
vhigh,low,4,4,med,high,acc
vhigh,low,4,4,big,low,bad
vhigh,low,4,4,big,med,acc
vhigh,low,4,4,big,high,acc
vhigh,low,4,more,small,low,bad
vhigh,low,4,more,small,med,bad
vhigh,low,4,more,small,high,acc
vhigh,low,4,more,med,low,bad
vhigh,low,4,more,med,med,acc
vhigh,low,4,more,med,high,acc
vhigh,low,4,more,big,low,bad
vhigh,low,4,more,big,med,acc
vhigh,low,4,more,big,high,acc
vhigh,low,more,2,small,low,bad
vhigh,low,more,2,small,med,bad
vhigh,low,more,2,small,high,bad
vhigh,low,more,2,med,low,bad
vhigh,low,more,2,med,med,bad
vhigh,low,more,2,med,high,bad
vhigh,low,more,2,big,low,bad
vhigh,low,more,2,big,med,bad
vhigh,low,more,2,big,high,bad
vhigh,low,more,4,small,low,bad
vhigh,low,more,4,small,med,bad
vhigh,low,more,4,small,high,acc
vhigh,low,more,4,med,low,bad
vhigh,low,more,4,med,med,acc
vhigh,low,more,4,med,high,acc
vhigh,low,more,4,big,low,bad
vhigh,low,more,4,big,med,acc
vhigh,low,more,4,big,high,acc
vhigh,low,more,more,small,low,bad
vhigh,low,more,more,small,med,bad
vhigh,low,more,more,small,high,acc
vhigh,low,more,more,med,low,bad
vhigh,low,more,more,med,med,acc
vhigh,low,more,more,med,high,acc
vhigh,low,more,more,big,low,bad
vhigh,low,more,more,big,med,acc
vhigh,low,more,more,big,high,acc
high,vhigh,2,2,small,low,bad
high,vhigh,2,2,small,med,bad
high,vhigh,2,2,small,high,bad
high,vhigh,2,2,med,low,bad
high,vhigh,2,2,med,med,bad
high,vhigh,2,2,med,high,bad
high,vhigh,2,2,big,low,bad
high,vhigh,2,2,big,med,bad
high,vhigh,2,2,big,high,bad
high,vhigh,2,4,small,low,bad
high,vhigh,2,4,small,med,bad
high,vhigh,2,4,small,high,bad
high,vhigh,2,4,med,low,bad
high,vhigh,2,4,med,med,bad
high,vhigh,2,4,med,high,bad
high,vhigh,2,4,big,low,bad
high,vhigh,2,4,big,med,bad
high,vhigh,2,4,big,high,bad
high,vhigh,2,more,small,low,bad
high,vhigh,2,more,small,med,bad
high,vhigh,2,more,small,high,bad
high,vhigh,2,more,med,low,bad
high,vhigh,2,more,med,med,bad
high,vhigh,2,more,med,high,bad
high,vhigh,2,more,big,low,bad
high,vhigh,2,more,big,med,bad
high,vhigh,2,more,big,high,bad
high,vhigh,3,2,small,low,bad
high,vhigh,3,2,small,med,bad
high,vhigh,3,2,small,high,bad
high,vhigh,3,2,med,low,bad
high,vhigh,3,2,med,med,bad
high,vhigh,3,2,med,high,bad
high,vhigh,3,2,big,low,bad
high,vhigh,3,2,big,med,bad
high,vhigh,3,2,big,high,bad
high,vhigh,3,4,small,low,bad
high,vhigh,3,4,small,med,bad
high,vhigh,3,4,small,high,bad
high,vhigh,3,4,med,low,bad
high,vhigh,3,4,med,med,bad
high,vhigh,3,4,med,high,bad
high,vhigh,3,4,big,low,bad
high,vhigh,3,4,big,med,bad
high,vhigh,3,4,big,high,bad
high,vhigh,3,more,small,low,bad
high,vhigh,3,more,small,med,bad
high,vhigh,3,more,small,high,bad
high,vhigh,3,more,med,low,bad
high,vhigh,3,more,med,med,bad
high,vhigh,3,more,med,high,bad
high,vhigh,3,more,big,low,bad
high,vhigh,3,more,big,med,bad
high,vhigh,3,more,big,high,bad
high,vhigh,4,2,small,low,bad
high,vhigh,4,2,small,med,bad
high,vhigh,4,2,small,high,bad
high,vhigh,4,2,med,low,bad
high,vhigh,4,2,med,med,bad
high,vhigh,4,2,med,high,bad
high,vhigh,4,2,big,low,bad
high,vhigh,4,2,big,med,bad
high,vhigh,4,2,big,high,bad
high,vhigh,4,4,small,low,bad
high,vhigh,4,4,small,med,bad
high,vhigh,4,4,small,high,bad
high,vhigh,4,4,med,low,bad
high,vhigh,4,4,med,med,bad
high,vhigh,4,4,med,high,bad
high,vhigh,4,4,big,low,bad
high,vhigh,4,4,big,med,bad
high,vhigh,4,4,big,high,bad
high,vhigh,4,more,small,low,bad
high,vhigh,4,more,small,med,bad
high,vhigh,4,more,small,high,bad
high,vhigh,4,more,med,low,bad
high,vhigh,4,more,med,med,bad
high,vhigh,4,more,med,high,bad
high,vhigh,4,more,big,low,bad
high,vhigh,4,more,big,med,bad
high,vhigh,4,more,big,high,bad
high,vhigh,more,2,small,low,bad
high,vhigh,more,2,small,med,bad
high,vhigh,more,2,small,high,bad
high,vhigh,more,2,med,low,bad
high,vhigh,more,2,med,med,bad
high,vhigh,more,2,med,high,bad
high,vhigh,more,2,big,low,bad
high,vhigh,more,2,big,med,bad
high,vhigh,more,2,big,high,bad
high,vhigh,more,4,small,low,bad
high,vhigh,more,4,small,med,bad
high,vhigh,more,4,small,high,bad
high,vhigh,more,4,med,low,bad
high,vhigh,more,4,med,med,bad
high,vhigh,more,4,med,high,bad
high,vhigh,more,4,big,low,bad
high,vhigh,more,4,big,med,bad
high,vhigh,more,4,big,high,bad
high,vhigh,more,more,small,low,bad
high,vhigh,more,more,small,med,bad
high,vhigh,more,more,small,high,bad
high,vhigh,more,more,med,low,bad
high,vhigh,more,more,med,med,bad
high,vhigh,more,more,med,high,bad
high,vhigh,more,more,big,low,bad
high,vhigh,more,more,big,med,bad
high,vhigh,more,more,big,high,bad
high,high,2,2,small,low,bad
high,high,2,2,small,med,bad
high,high,2,2,small,high,bad
high,high,2,2,med,low,bad
high,high,2,2,med,med,bad
high,high,2,2,med,high,bad
high,high,2,2,big,low,bad
high,high,2,2,big,med,bad
high,high,2,2,big,high,bad
high,high,2,4,small,low,bad
high,high,2,4,small,med,bad
high,high,2,4,small,high,acc
high,high,2,4,med,low,bad
high,high,2,4,med,med,bad
high,high,2,4,med,high,acc
high,high,2,4,big,low,bad
high,high,2,4,big,med,acc
high,high,2,4,big,high,acc
high,high,2,more,small,low,bad
high,high,2,more,small,med,bad
high,high,2,more,small,high,bad
high,high,2,more,med,low,bad
high,high,2,more,med,med,bad
high,high,2,more,med,high,acc
high,high,2,more,big,low,bad
high,high,2,more,big,med,acc
high,high,2,more,big,high,acc
high,high,3,2,small,low,bad
high,high,3,2,small,med,bad
high,high,3,2,small,high,bad
high,high,3,2,med,low,bad
high,high,3,2,med,med,bad
high,high,3,2,med,high,bad
high,high,3,2,big,low,bad
high,high,3,2,big,med,bad
high,high,3,2,big,high,bad
high,high,3,4,small,low,bad
high,high,3,4,small,med,bad
high,high,3,4,small,high,acc
high,high,3,4,med,low,bad
high,high,3,4,med,med,bad
high,high,3,4,med,high,acc
high,high,3,4,big,low,bad
high,high,3,4,big,med,acc
high,high,3,4,big,high,acc
high,high,3,more,small,low,bad
high,high,3,more,small,med,bad
high,high,3,more,small,high,acc
high,high,3,more,med,low,bad
high,high,3,more,med,med,acc
high,high,3,more,med,high,acc
high,high,3,more,big,low,bad
high,high,3,more,big,med,acc
high,high,3,more,big,high,acc
high,high,4,2,small,low,bad
high,high,4,2,small,med,bad
high,high,4,2,small,high,bad
high,high,4,2,med,low,bad
high,high,4,2,med,med,bad
high,high,4,2,med,high,bad
high,high,4,2,big,low,bad
high,high,4,2,big,med,bad
high,high,4,2,big,high,bad
high,high,4,4,small,low,bad
high,high,4,4,small,med,bad
high,high,4,4,small,high,acc
high,high,4,4,med,low,bad
high,high,4,4,med,med,acc
high,high,4,4,med,high,acc
high,high,4,4,big,low,bad
high,high,4,4,big,med,acc
high,high,4,4,big,high,acc
high,high,4,more,small,low,bad
high,high,4,more,small,med,bad
high,high,4,more,small,high,acc
high,high,4,more,med,low,bad
high,high,4,more,med,med,acc
high,high,4,more,med,high,acc
high,high,4,more,big,low,bad
high,high,4,more,big,med,acc
high,high,4,more,big,high,acc
high,high,more,2,small,low,bad
high,high,more,2,small,med,bad
high,high,more,2,small,high,bad
high,high,more,2,med,low,bad
high,high,more,2,med,med,bad
high,high,more,2,med,high,bad
high,high,more,2,big,low,bad
high,high,more,2,big,med,bad
high,high,more,2,big,high,bad
high,high,more,4,small,low,bad
high,high,more,4,small,med,bad
high,high,more,4,small,high,acc
high,high,more,4,med,low,bad
high,high,more,4,med,med,acc
high,high,more,4,med,high,acc
high,high,more,4,big,low,bad
high,high,more,4,big,med,acc
high,high,more,4,big,high,acc
high,high,more,more,small,low,bad
high,high,more,more,small,med,bad
high,high,more,more,small,high,acc
high,high,more,more,med,low,bad
high,high,more,more,med,med,acc
high,high,more,more,med,high,acc
high,high,more,more,big,low,bad
high,high,more,more,big,med,acc
high,high,more,more,big,high,acc
high,med,2,2,small,low,bad
high,med,2,2,small,med,bad
high,med,2,2,small,high,bad
high,med,2,2,med,low,bad
high,med,2,2,med,med,bad
high,med,2,2,med,high,bad
high,med,2,2,big,low,bad
high,med,2,2,big,med,bad
high,med,2,2,big,high,bad
high,med,2,4,small,low,bad
high,med,2,4,small,med,bad
high,med,2,4,small,high,acc
high,med,2,4,med,low,bad
high,med,2,4,med,med,bad
high,med,2,4,med,high,acc
high,med,2,4,big,low,bad
high,med,2,4,big,med,acc
high,med,2,4,big,high,acc
high,med,2,more,small,low,bad
high,med,2,more,small,med,bad
high,med,2,more,small,high,bad
high,med,2,more,med,low,bad
high,med,2,more,med,med,bad
high,med,2,more,med,high,acc
high,med,2,more,big,low,bad
high,med,2,more,big,med,acc
high,med,2,more,big,high,acc
high,med,3,2,small,low,bad
high,med,3,2,small,med,bad
high,med,3,2,small,high,bad
high,med,3,2,med,low,bad
high,med,3,2,med,med,bad
high,med,3,2,med,high,bad
high,med,3,2,big,low,bad
high,med,3,2,big,med,bad
high,med,3,2,big,high,bad
high,med,3,4,small,low,bad
high,med,3,4,small,med,bad
high,med,3,4,small,high,acc
high,med,3,4,med,low,bad
high,med,3,4,med,med,bad
high,med,3,4,med,high,acc
high,med,3,4,big,low,bad
high,med,3,4,big,med,acc
high,med,3,4,big,high,acc
high,med,3,more,small,low,bad
high,med,3,more,small,med,bad
high,med,3,more,small,high,acc
high,med,3,more,med,low,bad
high,med,3,more,med,med,acc
high,med,3,more,med,high,acc
high,med,3,more,big,low,bad
high,med,3,more,big,med,acc
high,med,3,more,big,high,acc
high,med,4,2,small,low,bad
high,med,4,2,small,med,bad
high,med,4,2,small,high,bad
high,med,4,2,med,low,bad
high,med,4,2,med,med,bad
high,med,4,2,med,high,bad
high,med,4,2,big,low,bad
high,med,4,2,big,med,bad
high,med,4,2,big,high,bad
high,med,4,4,small,low,bad
high,med,4,4,small,med,bad
high,med,4,4,small,high,acc
high,med,4,4,med,low,bad
high,med,4,4,med,med,acc
high,med,4,4,med,high,acc
high,med,4,4,big,low,bad
high,med,4,4,big,med,acc
high,med,4,4,big,high,acc
high,med,4,more,small,low,bad
high,med,4,more,small,med,bad
high,med,4,more,small,high,acc
high,med,4,more,med,low,bad
high,med,4,more,med,med,acc
high,med,4,more,med,high,acc
high,med,4,more,big,low,bad
high,med,4,more,big,med,acc
high,med,4,more,big,high,acc
high,med,more,2,small,low,bad
high,med,more,2,small,med,bad
high,med,more,2,small,high,bad
high,med,more,2,med,low,bad
high,med,more,2,med,med,bad
high,med,more,2,med,high,bad
high,med,more,2,big,low,bad
high,med,more,2,big,med,bad
high,med,more,2,big,high,bad
high,med,more,4,small,low,bad
high,med,more,4,small,med,bad
high,med,more,4,small,high,acc
high,med,more,4,med,low,bad
high,med,more,4,med,med,acc
high,med,more,4,med,high,acc
high,med,more,4,big,low,bad
high,med,more,4,big,med,acc
high,med,more,4,big,high,acc
high,med,more,more,small,low,bad
high,med,more,more,small,med,bad
high,med,more,more,small,high,acc
high,med,more,more,med,low,bad
high,med,more,more,med,med,acc
high,med,more,more,med,high,acc
high,med,more,more,big,low,bad
high,med,more,more,big,med,acc
high,med,more,more,big,high,acc
high,low,2,2,small,low,bad
high,low,2,2,small,med,bad
high,low,2,2,small,high,bad
high,low,2,2,med,low,bad
high,low,2,2,med,med,bad
high,low,2,2,med,high,bad
high,low,2,2,big,low,bad
high,low,2,2,big,med,bad
high,low,2,2,big,high,bad
high,low,2,4,small,low,bad
high,low,2,4,small,med,bad
high,low,2,4,small,high,acc
high,low,2,4,med,low,bad
high,low,2,4,med,med,bad
high,low,2,4,med,high,acc
high,low,2,4,big,low,bad
high,low,2,4,big,med,acc
high,low,2,4,big,high,acc
high,low,2,more,small,low,bad
high,low,2,more,small,med,bad
high,low,2,more,small,high,bad
high,low,2,more,med,low,bad
high,low,2,more,med,med,bad
high,low,2,more,med,high,acc
high,low,2,more,big,low,bad
high,low,2,more,big,med,acc
high,low,2,more,big,high,acc
high,low,3,2,small,low,bad
high,low,3,2,small,med,bad
high,low,3,2,small,high,bad
high,low,3,2,med,low,bad
high,low,3,2,med,med,bad
high,low,3,2,med,high,bad
high,low,3,2,big,low,bad
high,low,3,2,big,med,bad
high,low,3,2,big,high,bad
high,low,3,4,small,low,bad
high,low,3,4,small,med,bad
high,low,3,4,small,high,acc
high,low,3,4,med,low,bad
high,low,3,4,med,med,bad
high,low,3,4,med,high,acc
high,low,3,4,big,low,bad
high,low,3,4,big,med,acc
high,low,3,4,big,high,acc
high,low,3,more,small,low,bad
high,low,3,more,small,med,bad
high,low,3,more,small,high,acc
high,low,3,more,med,low,bad
high,low,3,more,med,med,acc
high,low,3,more,med,high,acc
high,low,3,more,big,low,bad
high,low,3,more,big,med,acc
high,low,3,more,big,high,acc
high,low,4,2,small,low,bad
high,low,4,2,small,med,bad
high,low,4,2,small,high,bad
high,low,4,2,med,low,bad
high,low,4,2,med,med,bad
high,low,4,2,med,high,bad
high,low,4,2,big,low,bad
high,low,4,2,big,med,bad
high,low,4,2,big,high,bad
high,low,4,4,small,low,bad
high,low,4,4,small,med,bad
high,low,4,4,small,high,acc
high,low,4,4,med,low,bad
high,low,4,4,med,med,acc
high,low,4,4,med,high,acc
high,low,4,4,big,low,bad
high,low,4,4,big,med,acc
high,low,4,4,big,high,acc
high,low,4,more,small,low,bad
high,low,4,more,small,med,bad
high,low,4,more,small,high,acc
high,low,4,more,med,low,bad
high,low,4,more,med,med,acc
high,low,4,more,med,high,acc
high,low,4,more,big,low,bad
high,low,4,more,big,med,acc
high,low,4,more,big,high,acc
high,low,more,2,small,low,bad
high,low,more,2,small,med,bad
high,low,more,2,small,high,bad
high,low,more,2,med,low,bad
high,low,more,2,med,med,bad
high,low,more,2,med,high,bad
high,low,more,2,big,low,bad
high,low,more,2,big,med,bad
high,low,more,2,big,high,bad
high,low,more,4,small,low,bad
high,low,more,4,small,med,bad
high,low,more,4,small,high,acc
high,low,more,4,med,low,bad
high,low,more,4,med,med,acc
high,low,more,4,med,high,acc
high,low,more,4,big,low,bad
high,low,more,4,big,med,acc
high,low,more,4,big,high,acc
high,low,more,more,small,low,bad
high,low,more,more,small,med,bad
high,low,more,more,small,high,acc
high,low,more,more,med,low,bad
high,low,more,more,med,med,acc
high,low,more,more,med,high,acc
high,low,more,more,big,low,bad
high,low,more,more,big,med,acc
high,low,more,more,big,high,acc
med,vhigh,2,2,small,low,bad
med,vhigh,2,2,small,med,bad
med,vhigh,2,2,small,high,bad
med,vhigh,2,2,med,low,bad
med,vhigh,2,2,med,med,bad
med,vhigh,2,2,med,high,bad
med,vhigh,2,2,big,low,bad
med,vhigh,2,2,big,med,bad
med,vhigh,2,2,big,high,bad
med,vhigh,2,4,small,low,bad
med,vhigh,2,4,small,med,bad
med,vhigh,2,4,small,high,acc
med,vhigh,2,4,med,low,bad
med,vhigh,2,4,med,med,bad
med,vhigh,2,4,med,high,acc
med,vhigh,2,4,big,low,bad
med,vhigh,2,4,big,med,acc
med,vhigh,2,4,big,high,acc
med,vhigh,2,more,small,low,bad
med,vhigh,2,more,small,med,bad
med,vhigh,2,more,small,high,bad
med,vhigh,2,more,med,low,bad
med,vhigh,2,more,med,med,bad
med,vhigh,2,more,med,high,acc
med,vhigh,2,more,big,low,bad
med,vhigh,2,more,big,med,acc
med,vhigh,2,more,big,high,acc
med,vhigh,3,2,small,low,bad
med,vhigh,3,2,small,med,bad
med,vhigh,3,2,small,high,bad
med,vhigh,3,2,med,low,bad
med,vhigh,3,2,med,med,bad
med,vhigh,3,2,med,high,bad
med,vhigh,3,2,big,low,bad
med,vhigh,3,2,big,med,bad
med,vhigh,3,2,big,high,bad
med,vhigh,3,4,small,low,bad
med,vhigh,3,4,small,med,bad
med,vhigh,3,4,small,high,acc
med,vhigh,3,4,med,low,bad
med,vhigh,3,4,med,med,bad
med,vhigh,3,4,med,high,acc
med,vhigh,3,4,big,low,bad
med,vhigh,3,4,big,med,acc
med,vhigh,3,4,big,high,acc
med,vhigh,3,more,small,low,bad
med,vhigh,3,more,small,med,bad
med,vhigh,3,more,small,high,acc
med,vhigh,3,more,med,low,bad
med,vhigh,3,more,med,med,acc
med,vhigh,3,more,med,high,acc
med,vhigh,3,more,big,low,bad
med,vhigh,3,more,big,med,acc
med,vhigh,3,more,big,high,acc
med,vhigh,4,2,small,low,bad
med,vhigh,4,2,small,med,bad
med,vhigh,4,2,small,high,bad
med,vhigh,4,2,med,low,bad
med,vhigh,4,2,med,med,bad
med,vhigh,4,2,med,high,bad
med,vhigh,4,2,big,low,bad
med,vhigh,4,2,big,med,bad
med,vhigh,4,2,big,high,bad
med,vhigh,4,4,small,low,bad
med,vhigh,4,4,small,med,bad
med,vhigh,4,4,small,high,acc
med,vhigh,4,4,med,low,bad
med,vhigh,4,4,med,med,acc
med,vhigh,4,4,med,high,acc
med,vhigh,4,4,big,low,bad
med,vhigh,4,4,big,med,acc
med,vhigh,4,4,big,high,acc
med,vhigh,4,more,small,low,bad
med,vhigh,4,more,small,med,bad
med,vhigh,4,more,small,high,acc
med,vhigh,4,more,med,low,bad
med,vhigh,4,more,med,med,acc
med,vhigh,4,more,med,high,acc
med,vhigh,4,more,big,low,bad
med,vhigh,4,more,big,med,acc
med,vhigh,4,more,big,high,acc
med,vhigh,more,2,small,low,bad
med,vhigh,more,2,small,med,bad
med,vhigh,more,2,small,high,bad
med,vhigh,more,2,med,low,bad
med,vhigh,more,2,med,med,bad
med,vhigh,more,2,med,high,bad
med,vhigh,more,2,big,low,bad
med,vhigh,more,2,big,med,bad
med,vhigh,more,2,big,high,bad
med,vhigh,more,4,small,low,bad
med,vhigh,more,4,small,med,bad
med,vhigh,more,4,small,high,acc
med,vhigh,more,4,med,low,bad
med,vhigh,more,4,med,med,acc
med,vhigh,more,4,med,high,acc
med,vhigh,more,4,big,low,bad
med,vhigh,more,4,big,med,acc
med,vhigh,more,4,big,high,acc
med,vhigh,more,more,small,low,bad
med,vhigh,more,more,small,med,bad
med,vhigh,more,more,small,high,acc
med,vhigh,more,more,med,low,bad
med,vhigh,more,more,med,med,acc
med,vhigh,more,more,med,high,acc
med,vhigh,more,more,big,low,bad
med,vhigh,more,more,big,med,acc
med,vhigh,more,more,big,high,acc
med,high,2,2,small,low,bad
med,high,2,2,small,med,bad
med,high,2,2,small,high,bad
med,high,2,2,med,low,bad
med,high,2,2,med,med,bad
med,high,2,2,med,high,bad
med,high,2,2,big,low,bad
med,high,2,2,big,med,bad
med,high,2,2,big,high,bad
med,high,2,4,small,low,bad
med,high,2,4,small,med,bad
med,high,2,4,small,high,acc
med,high,2,4,med,low,bad
med,high,2,4,med,med,bad
med,high,2,4,med,high,acc
med,high,2,4,big,low,bad
med,high,2,4,big,med,acc
med,high,2,4,big,high,acc
med,high,2,more,small,low,bad
med,high,2,more,small,med,bad
med,high,2,more,small,high,bad
med,high,2,more,med,low,bad
med,high,2,more,med,med,bad
med,high,2,more,med,high,acc
med,high,2,more,big,low,bad
med,high,2,more,big,med,acc
med,high,2,more,big,high,acc
med,high,3,2,small,low,bad
med,high,3,2,small,med,bad
med,high,3,2,small,high,bad
med,high,3,2,med,low,bad
med,high,3,2,med,med,bad
med,high,3,2,med,high,bad
med,high,3,2,big,low,bad
med,high,3,2,big,med,bad
med,high,3,2,big,high,bad
med,high,3,4,small,low,bad
med,high,3,4,small,med,bad
med,high,3,4,small,high,acc
med,high,3,4,med,low,bad
med,high,3,4,med,med,bad
med,high,3,4,med,high,acc
med,high,3,4,big,low,bad
med,high,3,4,big,med,acc
med,high,3,4,big,high,acc
med,high,3,more,small,low,bad
med,high,3,more,small,med,bad
med,high,3,more,small,high,acc
med,high,3,more,med,low,bad
med,high,3,more,med,med,acc
med,high,3,more,med,high,acc
med,high,3,more,big,low,bad
med,high,3,more,big,med,acc
med,high,3,more,big,high,acc
med,high,4,2,small,low,bad
med,high,4,2,small,med,bad
med,high,4,2,small,high,bad
med,high,4,2,med,low,bad
med,high,4,2,med,med,bad
med,high,4,2,med,high,bad
med,high,4,2,big,low,bad
med,high,4,2,big,med,bad
med,high,4,2,big,high,bad
med,high,4,4,small,low,bad
med,high,4,4,small,med,bad
med,high,4,4,small,high,acc
med,high,4,4,med,low,bad
med,high,4,4,med,med,acc
med,high,4,4,med,high,acc
med,high,4,4,big,low,bad
med,high,4,4,big,med,acc
med,high,4,4,big,high,acc
med,high,4,more,small,low,bad
med,high,4,more,small,med,bad
med,high,4,more,small,high,acc
med,high,4,more,med,low,bad
med,high,4,more,med,med,acc
med,high,4,more,med,high,acc
med,high,4,more,big,low,bad
med,high,4,more,big,med,acc
med,high,4,more,big,high,acc
med,high,more,2,small,low,bad
med,high,more,2,small,med,bad
med,high,more,2,small,high,bad
med,high,more,2,med,low,bad
med,high,more,2,med,med,bad
med,high,more,2,med,high,bad
med,high,more,2,big,low,bad
med,high,more,2,big,med,bad
med,high,more,2,big,high,bad
med,high,more,4,small,low,bad
med,high,more,4,small,med,bad
med,high,more,4,small,high,acc
med,high,more,4,med,low,bad
med,high,more,4,med,med,acc
med,high,more,4,med,high,acc
med,high,more,4,big,low,bad
med,high,more,4,big,med,acc
med,high,more,4,big,high,acc
med,high,more,more,small,low,bad
med,high,more,more,small,med,bad
med,high,more,more,small,high,acc
med,high,more,more,med,low,bad
med,high,more,more,med,med,acc
med,high,more,more,med,high,acc
med,high,more,more,big,low,bad
med,high,more,more,big,med,acc
med,high,more,more,big,high,acc
med,med,2,2,small,low,bad
med,med,2,2,small,med,bad
med,med,2,2,small,high,bad
med,med,2,2,med,low,bad
med,med,2,2,med,med,bad
med,med,2,2,med,high,bad
med,med,2,2,big,low,bad
med,med,2,2,big,med,bad
med,med,2,2,big,high,bad
med,med,2,4,small,low,bad
med,med,2,4,small,med,acc
med,med,2,4,small,high,acc
med,med,2,4,med,low,bad
med,med,2,4,med,med,acc
med,med,2,4,med,high,acc
med,med,2,4,big,low,bad
med,med,2,4,big,med,acc
med,med,2,4,big,high,excl
med,med,2,more,small,low,bad
med,med,2,more,small,med,bad
med,med,2,more,small,high,bad
med,med,2,more,med,low,bad
med,med,2,more,med,med,acc
med,med,2,more,med,high,acc
med,med,2,more,big,low,bad
med,med,2,more,big,med,acc
med,med,2,more,big,high,excl
med,med,3,2,small,low,bad
med,med,3,2,small,med,bad
med,med,3,2,small,high,bad
med,med,3,2,med,low,bad
med,med,3,2,med,med,bad
med,med,3,2,med,high,bad
med,med,3,2,big,low,bad
med,med,3,2,big,med,bad
med,med,3,2,big,high,bad
med,med,3,4,small,low,bad
med,med,3,4,small,med,acc
med,med,3,4,small,high,acc
med,med,3,4,med,low,bad
med,med,3,4,med,med,acc
med,med,3,4,med,high,acc
med,med,3,4,big,low,bad
med,med,3,4,big,med,acc
med,med,3,4,big,high,excl
med,med,3,more,small,low,bad
med,med,3,more,small,med,acc
med,med,3,more,small,high,acc
med,med,3,more,med,low,bad
med,med,3,more,med,med,acc
med,med,3,more,med,high,excl
med,med,3,more,big,low,bad
med,med,3,more,big,med,acc
med,med,3,more,big,high,excl
med,med,4,2,small,low,bad
med,med,4,2,small,med,bad
med,med,4,2,small,high,bad
med,med,4,2,med,low,bad
med,med,4,2,med,med,bad
med,med,4,2,med,high,bad
med,med,4,2,big,low,bad
med,med,4,2,big,med,bad
med,med,4,2,big,high,bad
med,med,4,4,small,low,bad
med,med,4,4,small,med,acc
med,med,4,4,small,high,acc
med,med,4,4,med,low,bad
med,med,4,4,med,med,acc
med,med,4,4,med,high,excl
med,med,4,4,big,low,bad
med,med,4,4,big,med,acc
med,med,4,4,big,high,excl
med,med,4,more,small,low,bad
med,med,4,more,small,med,acc
med,med,4,more,small,high,acc
med,med,4,more,med,low,bad
med,med,4,more,med,med,acc
med,med,4,more,med,high,excl
med,med,4,more,big,low,bad
med,med,4,more,big,med,acc
med,med,4,more,big,high,excl
med,med,more,2,small,low,bad
med,med,more,2,small,med,bad
med,med,more,2,small,high,bad
med,med,more,2,med,low,bad
med,med,more,2,med,med,bad
med,med,more,2,med,high,bad
med,med,more,2,big,low,bad
med,med,more,2,big,med,bad
med,med,more,2,big,high,bad
med,med,more,4,small,low,bad
med,med,more,4,small,med,acc
med,med,more,4,small,high,acc
med,med,more,4,med,low,bad
med,med,more,4,med,med,acc
med,med,more,4,med,high,excl
med,med,more,4,big,low,bad
med,med,more,4,big,med,acc
med,med,more,4,big,high,excl
med,med,more,more,small,low,bad
med,med,more,more,small,med,acc
med,med,more,more,small,high,acc
med,med,more,more,med,low,bad
med,med,more,more,med,med,acc
med,med,more,more,med,high,excl
med,med,more,more,big,low,bad
med,med,more,more,big,med,acc
med,med,more,more,big,high,excl
med,low,2,2,small,low,bad
med,low,2,2,small,med,bad
med,low,2,2,small,high,bad
med,low,2,2,med,low,bad
med,low,2,2,med,med,bad
med,low,2,2,med,high,bad
med,low,2,2,big,low,bad
med,low,2,2,big,med,bad
med,low,2,2,big,high,bad
med,low,2,4,small,low,bad
med,low,2,4,small,med,acc
med,low,2,4,small,high,good
med,low,2,4,med,low,bad
med,low,2,4,med,med,acc
med,low,2,4,med,high,good
med,low,2,4,big,low,bad
med,low,2,4,big,med,good
med,low,2,4,big,high,excl
med,low,2,more,small,low,bad
med,low,2,more,small,med,bad
med,low,2,more,small,high,bad
med,low,2,more,med,low,bad
med,low,2,more,med,med,acc
med,low,2,more,med,high,good
med,low,2,more,big,low,bad
med,low,2,more,big,med,good
med,low,2,more,big,high,excl
med,low,3,2,small,low,bad
med,low,3,2,small,med,bad
med,low,3,2,small,high,bad
med,low,3,2,med,low,bad
med,low,3,2,med,med,bad
med,low,3,2,med,high,bad
med,low,3,2,big,low,bad
med,low,3,2,big,med,bad
med,low,3,2,big,high,bad
med,low,3,4,small,low,bad
med,low,3,4,small,med,acc
med,low,3,4,small,high,good
med,low,3,4,med,low,bad
med,low,3,4,med,med,acc
med,low,3,4,med,high,good
med,low,3,4,big,low,bad
med,low,3,4,big,med,good
med,low,3,4,big,high,excl
med,low,3,more,small,low,bad
med,low,3,more,small,med,acc
med,low,3,more,small,high,good
med,low,3,more,med,low,bad
med,low,3,more,med,med,good
med,low,3,more,med,high,excl
med,low,3,more,big,low,bad
med,low,3,more,big,med,good
med,low,3,more,big,high,excl
med,low,4,2,small,low,bad
med,low,4,2,small,med,bad
med,low,4,2,small,high,bad
med,low,4,2,med,low,bad
med,low,4,2,med,med,bad
med,low,4,2,med,high,bad
med,low,4,2,big,low,bad
med,low,4,2,big,med,bad
med,low,4,2,big,high,bad
med,low,4,4,small,low,bad
med,low,4,4,small,med,acc
med,low,4,4,small,high,good
med,low,4,4,med,low,bad
med,low,4,4,med,med,good
med,low,4,4,med,high,excl
med,low,4,4,big,low,bad
med,low,4,4,big,med,good
med,low,4,4,big,high,excl
med,low,4,more,small,low,bad
med,low,4,more,small,med,acc
med,low,4,more,small,high,good
med,low,4,more,med,low,bad
med,low,4,more,med,med,good
med,low,4,more,med,high,excl
med,low,4,more,big,low,bad
med,low,4,more,big,med,good
med,low,4,more,big,high,excl
med,low,more,2,small,low,bad
med,low,more,2,small,med,bad
med,low,more,2,small,high,bad
med,low,more,2,med,low,bad
med,low,more,2,med,med,bad
med,low,more,2,med,high,bad
med,low,more,2,big,low,bad
med,low,more,2,big,med,bad
med,low,more,2,big,high,bad
med,low,more,4,small,low,bad
med,low,more,4,small,med,acc
med,low,more,4,small,high,good
med,low,more,4,med,low,bad
med,low,more,4,med,med,good
med,low,more,4,med,high,excl
med,low,more,4,big,low,bad
med,low,more,4,big,med,good
med,low,more,4,big,high,excl
med,low,more,more,small,low,bad
med,low,more,more,small,med,acc
med,low,more,more,small,high,good
med,low,more,more,med,low,bad
med,low,more,more,med,med,good
med,low,more,more,med,high,excl
med,low,more,more,big,low,bad
med,low,more,more,big,med,good
med,low,more,more,big,high,excl
low,vhigh,2,2,small,low,bad
low,vhigh,2,2,small,med,bad
low,vhigh,2,2,small,high,bad
low,vhigh,2,2,med,low,bad
low,vhigh,2,2,med,med,bad
low,vhigh,2,2,med,high,bad
low,vhigh,2,2,big,low,bad
low,vhigh,2,2,big,med,bad
low,vhigh,2,2,big,high,bad
low,vhigh,2,4,small,low,bad
low,vhigh,2,4,small,med,bad
low,vhigh,2,4,small,high,acc
low,vhigh,2,4,med,low,bad
low,vhigh,2,4,med,med,bad
low,vhigh,2,4,med,high,acc
low,vhigh,2,4,big,low,bad
low,vhigh,2,4,big,med,acc
low,vhigh,2,4,big,high,acc
low,vhigh,2,more,small,low,bad
low,vhigh,2,more,small,med,bad
low,vhigh,2,more,small,high,bad
low,vhigh,2,more,med,low,bad
low,vhigh,2,more,med,med,bad
low,vhigh,2,more,med,high,acc
low,vhigh,2,more,big,low,bad
low,vhigh,2,more,big,med,acc
low,vhigh,2,more,big,high,acc
low,vhigh,3,2,small,low,bad
low,vhigh,3,2,small,med,bad
low,vhigh,3,2,small,high,bad
low,vhigh,3,2,med,low,bad
low,vhigh,3,2,med,med,bad
low,vhigh,3,2,med,high,bad
low,vhigh,3,2,big,low,bad
low,vhigh,3,2,big,med,bad
low,vhigh,3,2,big,high,bad
low,vhigh,3,4,small,low,bad
low,vhigh,3,4,small,med,bad
low,vhigh,3,4,small,high,acc
low,vhigh,3,4,med,low,bad
low,vhigh,3,4,med,med,bad
low,vhigh,3,4,med,high,acc
low,vhigh,3,4,big,low,bad
low,vhigh,3,4,big,med,acc
low,vhigh,3,4,big,high,acc
low,vhigh,3,more,small,low,bad
low,vhigh,3,more,small,med,bad
low,vhigh,3,more,small,high,acc
low,vhigh,3,more,med,low,bad
low,vhigh,3,more,med,med,acc
low,vhigh,3,more,med,high,acc
low,vhigh,3,more,big,low,bad
low,vhigh,3,more,big,med,acc
low,vhigh,3,more,big,high,acc
low,vhigh,4,2,small,low,bad
low,vhigh,4,2,small,med,bad
low,vhigh,4,2,small,high,bad
low,vhigh,4,2,med,low,bad
low,vhigh,4,2,med,med,bad
low,vhigh,4,2,med,high,bad
low,vhigh,4,2,big,low,bad
low,vhigh,4,2,big,med,bad
low,vhigh,4,2,big,high,bad
low,vhigh,4,4,small,low,bad
low,vhigh,4,4,small,med,bad
low,vhigh,4,4,small,high,acc
low,vhigh,4,4,med,low,bad
low,vhigh,4,4,med,med,acc
low,vhigh,4,4,med,high,acc
low,vhigh,4,4,big,low,bad
low,vhigh,4,4,big,med,acc
low,vhigh,4,4,big,high,acc
low,vhigh,4,more,small,low,bad
low,vhigh,4,more,small,med,bad
low,vhigh,4,more,small,high,acc
low,vhigh,4,more,med,low,bad
low,vhigh,4,more,med,med,acc
low,vhigh,4,more,med,high,acc
low,vhigh,4,more,big,low,bad
low,vhigh,4,more,big,med,acc
low,vhigh,4,more,big,high,acc
low,vhigh,more,2,small,low,bad
low,vhigh,more,2,small,med,bad
low,vhigh,more,2,small,high,bad
low,vhigh,more,2,med,low,bad
low,vhigh,more,2,med,med,bad
low,vhigh,more,2,med,high,bad
low,vhigh,more,2,big,low,bad
low,vhigh,more,2,big,med,bad
low,vhigh,more,2,big,high,bad
low,vhigh,more,4,small,low,bad
low,vhigh,more,4,small,med,bad
low,vhigh,more,4,small,high,acc
low,vhigh,more,4,med,low,bad
low,vhigh,more,4,med,med,acc
low,vhigh,more,4,med,high,acc
low,vhigh,more,4,big,low,bad
low,vhigh,more,4,big,med,acc
low,vhigh,more,4,big,high,acc
low,vhigh,more,more,small,low,bad
low,vhigh,more,more,small,med,bad
low,vhigh,more,more,small,high,acc
low,vhigh,more,more,med,low,bad
low,vhigh,more,more,med,med,acc
low,vhigh,more,more,med,high,acc
low,vhigh,more,more,big,low,bad
low,vhigh,more,more,big,med,acc
low,vhigh,more,more,big,high,acc
low,high,2,2,small,low,bad
low,high,2,2,small,med,bad
low,high,2,2,small,high,bad
low,high,2,2,med,low,bad
low,high,2,2,med,med,bad
low,high,2,2,med,high,bad
low,high,2,2,big,low,bad
low,high,2,2,big,med,bad
low,high,2,2,big,high,bad
low,high,2,4,small,low,bad
low,high,2,4,small,med,acc
low,high,2,4,small,high,acc
low,high,2,4,med,low,bad
low,high,2,4,med,med,acc
low,high,2,4,med,high,acc
low,high,2,4,big,low,bad
low,high,2,4,big,med,acc
low,high,2,4,big,high,excl
low,high,2,more,small,low,bad
low,high,2,more,small,med,bad
low,high,2,more,small,high,bad
low,high,2,more,med,low,bad
low,high,2,more,med,med,acc
low,high,2,more,med,high,acc
low,high,2,more,big,low,bad
low,high,2,more,big,med,acc
low,high,2,more,big,high,excl
low,high,3,2,small,low,bad
low,high,3,2,small,med,bad
low,high,3,2,small,high,bad
low,high,3,2,med,low,bad
low,high,3,2,med,med,bad
low,high,3,2,med,high,bad
low,high,3,2,big,low,bad
low,high,3,2,big,med,bad
low,high,3,2,big,high,bad
low,high,3,4,small,low,bad
low,high,3,4,small,med,acc
low,high,3,4,small,high,acc
low,high,3,4,med,low,bad
low,high,3,4,med,med,acc
low,high,3,4,med,high,acc
low,high,3,4,big,low,bad
low,high,3,4,big,med,acc
low,high,3,4,big,high,excl
low,high,3,more,small,low,bad
low,high,3,more,small,med,acc
low,high,3,more,small,high,acc
low,high,3,more,med,low,bad
low,high,3,more,med,med,acc
low,high,3,more,med,high,excl
low,high,3,more,big,low,bad
low,high,3,more,big,med,acc
low,high,3,more,big,high,excl
low,high,4,2,small,low,bad
low,high,4,2,small,med,bad
low,high,4,2,small,high,bad
low,high,4,2,med,low,bad
low,high,4,2,med,med,bad
low,high,4,2,med,high,bad
low,high,4,2,big,low,bad
low,high,4,2,big,med,bad
low,high,4,2,big,high,bad
low,high,4,4,small,low,bad
low,high,4,4,small,med,acc
low,high,4,4,small,high,acc
low,high,4,4,med,low,bad
low,high,4,4,med,med,acc
low,high,4,4,med,high,excl
low,high,4,4,big,low,bad
low,high,4,4,big,med,acc
low,high,4,4,big,high,excl
low,high,4,more,small,low,bad
low,high,4,more,small,med,acc
low,high,4,more,small,high,acc
low,high,4,more,med,low,bad
low,high,4,more,med,med,acc
low,high,4,more,med,high,excl
low,high,4,more,big,low,bad
low,high,4,more,big,med,acc
low,high,4,more,big,high,excl
low,high,more,2,small,low,bad
low,high,more,2,small,med,bad
low,high,more,2,small,high,bad
low,high,more,2,med,low,bad
low,high,more,2,med,med,bad
low,high,more,2,med,high,bad
low,high,more,2,big,low,bad
low,high,more,2,big,med,bad
low,high,more,2,big,high,bad
low,high,more,4,small,low,bad
low,high,more,4,small,med,acc
low,high,more,4,small,high,acc
low,high,more,4,med,low,bad
low,high,more,4,med,med,acc
low,high,more,4,med,high,excl
low,high,more,4,big,low,bad
low,high,more,4,big,med,acc
low,high,more,4,big,high,excl
low,high,more,more,small,low,bad
low,high,more,more,small,med,acc
low,high,more,more,small,high,acc
low,high,more,more,med,low,bad
low,high,more,more,med,med,acc
low,high,more,more,med,high,excl
low,high,more,more,big,low,bad
low,high,more,more,big,med,acc
low,high,more,more,big,high,excl
low,med,2,2,small,low,bad
low,med,2,2,small,med,bad
low,med,2,2,small,high,bad
low,med,2,2,med,low,bad
low,med,2,2,med,med,bad
low,med,2,2,med,high,bad
low,med,2,2,big,low,bad
low,med,2,2,big,med,bad
low,med,2,2,big,high,bad
low,med,2,4,small,low,bad
low,med,2,4,small,med,acc
low,med,2,4,small,high,good
low,med,2,4,med,low,bad
low,med,2,4,med,med,acc
low,med,2,4,med,high,good
low,med,2,4,big,low,bad
low,med,2,4,big,med,good
low,med,2,4,big,high,excl
low,med,2,more,small,low,bad
low,med,2,more,small,med,bad
low,med,2,more,small,high,bad
low,med,2,more,med,low,bad
low,med,2,more,med,med,acc
low,med,2,more,med,high,good
low,med,2,more,big,low,bad
low,med,2,more,big,med,good
low,med,2,more,big,high,excl
low,med,3,2,small,low,bad
low,med,3,2,small,med,bad
low,med,3,2,small,high,bad
low,med,3,2,med,low,bad
low,med,3,2,med,med,bad
low,med,3,2,med,high,bad
low,med,3,2,big,low,bad
low,med,3,2,big,med,bad
low,med,3,2,big,high,bad
low,med,3,4,small,low,bad
low,med,3,4,small,med,acc
low,med,3,4,small,high,good
low,med,3,4,med,low,bad
low,med,3,4,med,med,acc
low,med,3,4,med,high,good
low,med,3,4,big,low,bad
low,med,3,4,big,med,good
low,med,3,4,big,high,excl
low,med,3,more,small,low,bad
low,med,3,more,small,med,acc
low,med,3,more,small,high,good
low,med,3,more,med,low,bad
low,med,3,more,med,med,good
low,med,3,more,med,high,excl
low,med,3,more,big,low,bad
low,med,3,more,big,med,good
low,med,3,more,big,high,excl
low,med,4,2,small,low,bad
low,med,4,2,small,med,bad
low,med,4,2,small,high,bad
low,med,4,2,med,low,bad
low,med,4,2,med,med,bad
low,med,4,2,med,high,bad
low,med,4,2,big,low,bad
low,med,4,2,big,med,bad
low,med,4,2,big,high,bad
low,med,4,4,small,low,bad
low,med,4,4,small,med,acc
low,med,4,4,small,high,good
low,med,4,4,med,low,bad
low,med,4,4,med,med,good
low,med,4,4,med,high,excl
low,med,4,4,big,low,bad
low,med,4,4,big,med,good
low,med,4,4,big,high,excl
low,med,4,more,small,low,bad
low,med,4,more,small,med,acc
low,med,4,more,small,high,good
low,med,4,more,med,low,bad
low,med,4,more,med,med,good
low,med,4,more,med,high,excl
low,med,4,more,big,low,bad
low,med,4,more,big,med,good
low,med,4,more,big,high,excl
low,med,more,2,small,low,bad
low,med,more,2,small,med,bad
low,med,more,2,small,high,bad
low,med,more,2,med,low,bad
low,med,more,2,med,med,bad
low,med,more,2,med,high,bad
low,med,more,2,big,low,bad
low,med,more,2,big,med,bad
low,med,more,2,big,high,bad
low,med,more,4,small,low,bad
low,med,more,4,small,med,acc
low,med,more,4,small,high,good
low,med,more,4,med,low,bad
low,med,more,4,med,med,good
low,med,more,4,med,high,excl
low,med,more,4,big,low,bad
low,med,more,4,big,med,good
low,med,more,4,big,high,excl
low,med,more,more,small,low,bad
low,med,more,more,small,med,acc
low,med,more,more,small,high,good
low,med,more,more,med,low,bad
low,med,more,more,med,med,good
low,med,more,more,med,high,excl
low,med,more,more,big,low,bad
low,med,more,more,big,med,good
low,med,more,more,big,high,excl
low,low,2,2,small,low,bad
low,low,2,2,small,med,bad
low,low,2,2,small,high,bad
low,low,2,2,med,low,bad
low,low,2,2,med,med,bad
low,low,2,2,med,high,bad
low,low,2,2,big,low,bad
low,low,2,2,big,med,bad
low,low,2,2,big,high,bad
low,low,2,4,small,low,bad
low,low,2,4,small,med,acc
low,low,2,4,small,high,good
low,low,2,4,med,low,bad
low,low,2,4,med,med,acc
low,low,2,4,med,high,good
low,low,2,4,big,low,bad
low,low,2,4,big,med,good
low,low,2,4,big,high,excl
low,low,2,more,small,low,bad
low,low,2,more,small,med,bad
low,low,2,more,small,high,bad
low,low,2,more,med,low,bad
low,low,2,more,med,med,acc
low,low,2,more,med,high,good
low,low,2,more,big,low,bad
low,low,2,more,big,med,good
low,low,2,more,big,high,excl
low,low,3,2,small,low,bad
low,low,3,2,small,med,bad
low,low,3,2,small,high,bad
low,low,3,2,med,low,bad
low,low,3,2,med,med,bad
low,low,3,2,med,high,bad
low,low,3,2,big,low,bad
low,low,3,2,big,med,bad
low,low,3,2,big,high,bad
low,low,3,4,small,low,bad
low,low,3,4,small,med,acc
low,low,3,4,small,high,good
low,low,3,4,med,low,bad
low,low,3,4,med,med,acc
low,low,3,4,med,high,good
low,low,3,4,big,low,bad
low,low,3,4,big,med,good
low,low,3,4,big,high,excl
low,low,3,more,small,low,bad
low,low,3,more,small,med,acc
low,low,3,more,small,high,good
low,low,3,more,med,low,bad
low,low,3,more,med,med,good
low,low,3,more,med,high,excl
low,low,3,more,big,low,bad
low,low,3,more,big,med,good
low,low,3,more,big,high,excl
low,low,4,2,small,low,bad
low,low,4,2,small,med,bad
low,low,4,2,small,high,bad
low,low,4,2,med,low,bad
low,low,4,2,med,med,bad
low,low,4,2,med,high,bad
low,low,4,2,big,low,bad
low,low,4,2,big,med,bad
low,low,4,2,big,high,bad
low,low,4,4,small,low,bad
low,low,4,4,small,med,acc
low,low,4,4,small,high,good
low,low,4,4,med,low,bad
low,low,4,4,med,med,good
low,low,4,4,med,high,excl
low,low,4,4,big,low,bad
low,low,4,4,big,med,good
low,low,4,4,big,high,excl
low,low,4,more,small,low,bad
low,low,4,more,small,med,acc
low,low,4,more,small,high,good
low,low,4,more,med,low,bad
low,low,4,more,med,med,good
low,low,4,more,med,high,excl
low,low,4,more,big,low,bad
low,low,4,more,big,med,good
low,low,4,more,big,high,excl
low,low,more,2,small,low,bad
low,low,more,2,small,med,bad
low,low,more,2,small,high,bad
low,low,more,2,med,low,bad
low,low,more,2,med,med,bad
low,low,more,2,med,high,bad
low,low,more,2,big,low,bad
low,low,more,2,big,med,bad
low,low,more,2,big,high,bad
low,low,more,4,small,low,bad
low,low,more,4,small,med,acc
low,low,more,4,small,high,good
low,low,more,4,med,low,bad
low,low,more,4,med,med,good
low,low,more,4,med,high,excl
low,low,more,4,big,low,bad
low,low,more,4,big,med,good
low,low,more,4,big,high,excl
low,low,more,more,small,low,bad
low,low,more,more,small,med,acc
low,low,more,more,small,high,good
low,low,more,more,med,low,bad
low,low,more,more,med,med,good
low,low,more,more,med,high,excl
low,low,more,more,big,low,bad
low,low,more,more,big,med,good
low,low,more,more,big,high,excl
